,element,r
0,Fever,2.414562512004843
1,Cough,1.729238953088735
2,Fatigue,1.0473266311774234
3,Sputum,0.24791702026824447
4,Shortness of Breath,-0.12986614509370564
5,Dyspnea,-0.13716896307821946
6,Myalgia,-0.3183673177454931
7,Chill,-0.36110460973828695
8,Dizziness,-0.5175304504341333
9,Headache,-0.5804599906774277
10,Sore Throat,-0.7313911469774269
11,Diarhea,-0.8646450639722493
12,Nausea,-0.8672555010537977
13,Congestion,-0.9312559277685045
